[
  {
    "category" : "Action", "details" :
    [
      {"Name" : "The Equalizer", "MainChar" : "Denzel Washington", "Year" : "2014"},
      {"Name" : "Mad Max: Fury Road", "MainChar" : "Tom Hardy", "Year" : "2015"},
      {"Name" : "American Sniper", "MainChar" : "Bradley Cooper", "Year" : "2015"},
      {"Name" : "Kingsman: The Secret Service", "MainChar" : "Colin Firth", "Year" : "2014"},
      {"Name" : "Fury", "MainChar" : "Brad Pitt", "Year" : "2014"},
      {"Name" : "John Wick", "MainChar" : "Keanu Reeves", "Year" : "2014"},
      {"Name" : "Guardians of the Galaxy", "MainChar" : "Vin Diesel", "Year" : "2014"},
      {"Name" : "Edge of Tomorrow", "MainChar" : "Tom Cruise", "Year" : "2014"},
      {"Name" : "Run All Night", "MainChar" : "Liam Neeson", "Year" : "2015"},
      {"Name" : "Lone Survivor", "MainChar" : "Mark Wahlberg", "Year" : "2013"},
      {"Name" : "Kick-Ass", "MainChar" : "Aaron Taylor-Johnson", "Year" : "2010"},
      {"Name" : "Looper", "MainChar" : "Joseph Gordon-Levitt", "Year" : "2012"},
      {"Name" : "Watchmen", "MainChar" : "Jackie Earle Haley", "Year" : "2009"},
      {"Name" : "Equilibrium", "MainChar" : "Christian Bale", "Year" : "2002"},
      {"Name" : "Ant-Man", "MainChar" : "Paul Rudd", "Year" : "2015"},
      {"Name" : "Jurassic World", "MainChar" : "Chris Pratt", "Year" : "2015"},
      {"Name" : "Goosebumps", "MainChar" : "Odeya Rush", "Year" : "2015"},
      {"Name" : "Chappie", "MainChar" : "Sharlto Copley", "Year" : "2015"},
      {"Name" : "Pulp Fiction", "MainChar" : "John Travolta", "Year" : "1994"},
      {"Name" : "The Fifth Element", "MainChar" : "Bruce Wills", "Year" : "1997"}
    ]
  },
  {
    "category" : "Adventure/Thriller", "details" :
    [
      {"Name" : "Apocalypto", "MainChar" : "Gerardo Taracena", "Year" : "2006"},
      {"Name" : "The Grand Budapest Hotel", "MainChar" : "Ralph Fiennes", "Year" : "2014"},
      {"Name" : "Interstellar", "MainChar" : "Matthew McConaughey", "Year" : "2014"},
      {"Name" : "A.I. Artificial Intelligence", "MainChar" : "Haley Joel Osment", "Year" : "2001"},
      {"Name" : "Surrogates", "MainChar" : "Bruce Wills", "Year" : "2009"},
      {"Name" : "Unbreakable", "MainChar" : "Bruce Wills", "Year" : "2000"},
      {"Name" : "Birdman", "MainChar" : "Michael Keaton", "Year" : "2015"},
      {"Name" : "Warrior", "MainChar" : "Tom Hardy", "Year" : "2011"},
      {"Name" : "There will be blood", "MainChar" : "Daniel Day-Lewis", "Year" : "2007"},
      {"Name" : "Sideways", "MainChar" : "Paul Giamatti", "Year" : "2004"},
      {"Name" : "The Pianist", "MainChar" : "Adrien Brody", "Year" : "2002"},
      {"Name" : "Fight Club", "MainChar" : "Brad Pitt", "Year" : "1999"},
      {"Name" : "Shine", "MainChar" : "Geoffrey Rush", "Year" : "1996"},
      {"Name" : "Unforgiven", "MainChar" : "Clint Eastwood", "Year" : "1992"}
    ]
  },
  {
    "category" : "Sci-fi", "details" :
    [
      {"Name" : "Screamers", "MainChar" : "Peter Weller", "Year" : "1995"},
      {"Name" : "Event Horizon", "MainChar" : "Laurence Fishburne", "Year" : "1997"},
      {"Name" : "The city of lost children", "MainChar" : "Ron Perlman", "Year" : "1995"},
      {"Name" : "Twelve Monkeys", "MainChar" : "Bruce Wills", "Year" : "1995"},
      {"Name" : "Gattaca", "MainChar" : "Ethan Hawke", "Year" : "1997"},
      {"Name" : "Pitch Black", "MainChar" : "Radha Mitchell", "Year" : "2000"},
      {"Name" : "Contact", "MainChar" : "Jodie Foster", "Year" : "1997"},
      {"Name" : "Lockout", "MainChar" : "Guy Pearce", "Year" : "2012"},
      {"Name" : "In Time", "MainChar" : "Justin Timberlake", "Year" : "2011"},
      {"Name" : "Snowpiercer", "MainChar" : "Chris Evans", "Year" : "2013"},
      {"Name" : "The Fifth Element", "MainChar" : "Bruce Wills", "Year" : "1997"}
    ]
  }
]
